<?xml version="1.0" encoding="UTF-8"?>
<model package="commerce_spraypay" baseClass="comSimpleObject" platform="mysql" defaultEngine="InnoDB" version="1.1">
    <object class="comSprayPayChargeback" table="commerce_spraypay_chargeback" extends="xPDOSimpleObject">
        <field key="transaction" dbtype="int" precision="20" phptype="integer" null="false" default="" index="index"/>
        <field key="request_date" formatter="datetime" dbtype="int" precision="20" phptype="int" null="false" default="0" />
        <field key="request_amount" formatter="financial" dbtype="int" precision="10" phptype="integer" null="false" default="0" />
        <field key="request_reason" dbtype="varchar" precision="255" phptype="string" null="false" default="" />

        <field key="status" dbtype="varchar" precision="255" phptype="string" null="false" default="" />
        <field key="reference" dbtype="varchar" precision="255" phptype="string" null="false" default="" />
        <field key="message" dbtype="varchar" precision="255" phptype="string" null="false" default="" />

        <index alias="transaction" name="transaction" primary="false" unique="false" type="BTREE">
            <column key="transaction" length="" collation="A" null="false" />
        </index>

        <aggregate alias="transaction" class="comTransaction" local="source" foreign="id" cardinality="one" owner="foreign" />
    </object>
</model>